runId,concurrency,kind,path,status,ok,elapsed_ms,size,error
workflow-health-env-card,2,health,/api/health,200,True,1,130,
workflow-health-env-card,2,health,/api/health,200,True,0,130,
workflow-health-env-card,2,health,/api/health,200,True,1,130,
workflow-health-env-card,2,health,/api/health,200,True,0,130,
workflow-health-env-card,2,health,/api/health,200,True,1,130,
workflow-health-env-card,2,health,/api/health,200,True,0,130,
workflow-health-env-card,2,health,/api/health,200,True,1,130,
workflow-health-env-card,2,health,/api/health,200,True,0,130,
workflow-health-env-card,2,health,/api/health,200,True,0,130,
workflow-health-env-card,2,health,/api/health,200,True,1,130,
workflow-health-env-card,2,health,/api/health,200,True,1,130,
workflow-health-env-card,2,health,/api/health,200,True,0,130,
