runId,concurrency,kind,path,status,ok,elapsed_ms,size,location,error
workflow-admin-current-sanity,16,admin,/api/admin/overview,200,True,35,2329,,
workflow-admin-current-sanity,16,admin,/api/admin/overview,200,True,37,2329,,
workflow-admin-current-sanity,16,admin,/api/admin/overview,200,True,57,2329,,
workflow-admin-current-sanity,16,admin,/api/admin/overview,200,True,33,2329,,
workflow-admin-current-sanity,16,admin,/api/admin/overview,200,True,50,2329,,
workflow-admin-current-sanity,16,admin,/api/admin/overview,200,True,49,2329,,
workflow-admin-current-sanity,16,admin,/api/admin/overview,200,True,50,2329,,
workflow-admin-current-sanity,16,admin,/api/admin/overview,200,True,55,2329,,
workflow-admin-current-sanity,16,admin,/api/admin/overview,200,True,51,2329,,
workflow-admin-current-sanity,16,admin,/api/admin/overview,200,True,53,2329,,
workflow-admin-current-sanity,16,admin,/api/admin/overview,200,True,53,2329,,
workflow-admin-current-sanity,16,admin,/api/admin/overview,200,True,55,2329,,
workflow-admin-current-sanity,16,admin,/api/admin/overview,200,True,55,2329,,
workflow-admin-current-sanity,16,admin,/api/admin/overview,200,True,56,2329,,
workflow-admin-current-sanity,16,admin,/api/admin/overview,200,True,57,2329,,
workflow-admin-current-sanity,16,admin,/api/admin/overview,200,True,54,2329,,
workflow-admin-current-sanity,16,admin,/api/admin/overview,200,True,53,2329,,
workflow-admin-current-sanity,16,admin,/api/admin/overview,200,True,53,2329,,
workflow-admin-current-sanity,16,admin,/api/admin/overview,200,True,54,2329,,
workflow-admin-current-sanity,16,admin,/api/admin/overview,200,True,48,2329,,
workflow-admin-current-sanity,16,admin,/api/admin/overview,200,True,51,2329,,
workflow-admin-current-sanity,16,admin,/api/admin/overview,200,True,50,2329,,
workflow-admin-current-sanity,16,admin,/api/admin/overview,200,True,49,2329,,
workflow-admin-current-sanity,16,admin,/api/admin/overview,200,True,48,2329,,
workflow-admin-current-sanity,16,admin,/api/admin/overview,200,True,48,2329,,
workflow-admin-current-sanity,16,admin,/api/admin/overview,200,True,36,2329,,
workflow-admin-current-sanity,16,admin,/api/admin/overview,200,True,48,2329,,
workflow-admin-current-sanity,16,admin,/api/admin/overview,200,True,49,2329,,
workflow-admin-current-sanity,16,admin,/api/admin/overview,200,True,49,2329,,
workflow-admin-current-sanity,16,admin,/api/admin/overview,200,True,49,2329,,
workflow-admin-current-sanity,16,admin,/api/admin/overview,200,True,49,2329,,
workflow-admin-current-sanity,16,admin,/api/admin/overview,200,True,49,2329,,
workflow-admin-current-sanity,16,admin,/api/admin/overview,200,True,69,2329,,
workflow-admin-current-sanity,16,admin,/api/admin/overview,200,True,57,2329,,
workflow-admin-current-sanity,16,admin,/api/admin/overview,200,True,55,2329,,
workflow-admin-current-sanity,16,admin,/api/admin/overview,200,True,61,2329,,
workflow-admin-current-sanity,16,admin,/api/admin/overview,200,True,57,2329,,
workflow-admin-current-sanity,16,admin,/api/admin/overview,200,True,58,2329,,
workflow-admin-current-sanity,16,admin,/api/admin/overview,200,True,59,2329,,
workflow-admin-current-sanity,16,admin,/api/admin/overview,200,True,60,2329,,
workflow-admin-current-sanity,16,admin,/api/admin/overview,200,True,59,2329,,
workflow-admin-current-sanity,16,admin,/api/admin/overview,200,True,59,2329,,
workflow-admin-current-sanity,16,admin,/api/admin/overview,200,True,59,2329,,
workflow-admin-current-sanity,16,admin,/api/admin/overview,200,True,59,2329,,
workflow-admin-current-sanity,16,admin,/api/admin/overview,200,True,59,2329,,
workflow-admin-current-sanity,16,admin,/api/admin/overview,200,True,60,2329,,
workflow-admin-current-sanity,16,admin,/api/admin/overview,200,True,61,2329,,
workflow-admin-current-sanity,16,admin,/api/admin/overview,200,True,48,2329,,
workflow-admin-current-sanity,16,admin,/api/admin/overview,200,True,50,2329,,
workflow-admin-current-sanity,16,admin,/api/admin/overview,200,True,63,2329,,
workflow-admin-current-sanity,16,admin,/api/admin/overview,200,True,49,2329,,
workflow-admin-current-sanity,16,admin,/api/admin/overview,200,True,36,2329,,
workflow-admin-current-sanity,16,admin,/api/admin/overview,200,True,67,2329,,
workflow-admin-current-sanity,16,admin,/api/admin/overview,200,True,49,2329,,
workflow-admin-current-sanity,16,admin,/api/admin/overview,200,True,39,2329,,
workflow-admin-current-sanity,16,admin,/api/admin/overview,200,True,51,2329,,
workflow-admin-current-sanity,16,admin,/api/admin/overview,200,True,50,2329,,
workflow-admin-current-sanity,16,admin,/api/admin/overview,200,True,51,2329,,
workflow-admin-current-sanity,16,admin,/api/admin/overview,200,True,53,2329,,
workflow-admin-current-sanity,16,admin,/api/admin/overview,200,True,55,2329,,
workflow-admin-current-sanity,16,admin,/api/admin/overview,200,True,54,2329,,
workflow-admin-current-sanity,16,admin,/api/admin/overview,200,True,69,2329,,
workflow-admin-current-sanity,16,admin,/api/admin/overview,200,True,54,2329,,
workflow-admin-current-sanity,16,admin,/api/admin/overview,200,True,57,2329,,
workflow-admin-current-sanity,16,admin,/api/admin/overview,200,True,65,2329,,
workflow-admin-current-sanity,16,admin,/api/admin/overview,200,True,64,2329,,
workflow-admin-current-sanity,16,admin,/api/admin/overview,200,True,62,2329,,
workflow-admin-current-sanity,16,admin,/api/admin/overview,200,True,63,2329,,
workflow-admin-current-sanity,16,admin,/api/admin/overview,200,True,63,2329,,
workflow-admin-current-sanity,16,admin,/api/admin/overview,200,True,63,2329,,
workflow-admin-current-sanity,16,admin,/api/admin/overview,200,True,62,2329,,
workflow-admin-current-sanity,16,admin,/api/admin/overview,200,True,62,2329,,
workflow-admin-current-sanity,16,admin,/api/admin/overview,200,True,61,2329,,
workflow-admin-current-sanity,16,admin,/api/admin/overview,200,True,59,2329,,
workflow-admin-current-sanity,16,admin,/api/admin/overview,200,True,57,2329,,
workflow-admin-current-sanity,16,admin,/api/admin/overview,200,True,58,2329,,
workflow-admin-current-sanity,16,admin,/api/admin/overview,200,True,60,2329,,
workflow-admin-current-sanity,16,admin,/api/admin/overview,200,True,59,2329,,
workflow-admin-current-sanity,16,admin,/api/admin/overview,200,True,56,2329,,
workflow-admin-current-sanity,16,admin,/api/admin/overview,200,True,60,2329,,
workflow-admin-current-sanity,16,admin,/api/admin/overview,200,True,62,2329,,
workflow-admin-current-sanity,16,admin,/api/admin/overview,200,True,72,2329,,
workflow-admin-current-sanity,16,admin,/api/admin/overview,200,True,63,2329,,
workflow-admin-current-sanity,16,admin,/api/admin/overview,200,True,51,2329,,
workflow-admin-current-sanity,16,admin,/api/admin/overview,200,True,61,2329,,
workflow-admin-current-sanity,16,admin,/api/admin/overview,200,True,51,2329,,
workflow-admin-current-sanity,16,admin,/api/admin/overview,200,True,70,2329,,
workflow-admin-current-sanity,16,admin,/api/admin/overview,200,True,60,2329,,
workflow-admin-current-sanity,16,admin,/api/admin/overview,200,True,60,2329,,
workflow-admin-current-sanity,16,admin,/api/admin/overview,200,True,51,2329,,
workflow-admin-current-sanity,16,admin,/api/admin/overview,200,True,60,2329,,
workflow-admin-current-sanity,16,admin,/api/admin/overview,200,True,60,2329,,
workflow-admin-current-sanity,16,admin,/api/admin/overview,200,True,57,2329,,
workflow-admin-current-sanity,16,admin,/api/admin/overview,200,True,58,2329,,
workflow-admin-current-sanity,16,admin,/api/admin/overview,200,True,57,2329,,
workflow-admin-current-sanity,16,admin,/api/admin/overview,200,True,47,2329,,
